title,price,availability,rating,review
Reebok Nano X2 Men's Training Shoes,US $59.97,Limited quantity available / 357 sold,97% positive,(132726)
Reebok Flexagon Force 4 Men's Training Shoes,US $49.96,Limited quantity available / 586 sold,97% positive,(132726)
Reebok Men's Club C 85 Shoes,US $75.00,10 available / 100 sold,97% positive,(132726)
Reebok Club C Revenge Vintage Men's Shoes,US $90.00,10 available / 178 sold,97% positive,(132726)
adidas men Advantage Shoes,US $42.00,"More than 10 available / 5,867 sold",97.8% positive,(470709)
"Men's basketball shoes NK AJ4 University blue air4 sneakers ,NO boxes",US $85.00,More than 10 available / 26 sold,Contact seller,No review
adidas men Grand Court Shoes,US $42.00,"Limited quantity available / 1,100 sold",97.8% positive,(470709)
adidas men Swift Run 22 Shoes,US $47.00,"Limited quantity available / 6,349 sold",97.8% positive,(470709)
Water Shoes Quick Dry Barefoot for Swim Diving Surf Aqua Sport Beach Vacation,US $11.97/ea,"More than 10 available / 10,464 sold",98.7% positive,(14964)
Water Shoes Quick Dry Barefoot for Swim Diving Surf Aqua Sport Beach Vacation,US $10.89/ea,More than 10 available / 999 sold,100% positive,(863045)
Running Shoes Sneakers Casual Men's Outdoor Athletic Jogging Sports Tennis Gym,US $16.09/ea,"More than 10 available / 1,765 sold",100% positive,(863045)
"Crocs Men's and Women's Shoes - Baya Clogs, Slip On Shoes, Waterproof Sandals",US $34.99,"More than 10 available / 14,534 sold",98.5% positive,(174435)
Running Shoes Sneakers Casual Men's Outdoor Athletic Jogging Sports Tennis Gym,US $16.15,"More than 10 available / 6,403 sold",99.2% positive,(234320)
Men's Casual Shoes Lace Up Waking Shoes Fashion Sneakers Size 6.5-15,US $27.85,"2 available / 3,427 sold",99.5% positive,(120514)
Men's Slip on Sports Outdoor Sneakers Trainers Casual Running Hiking Shoes Size,US $11.39,Last One / 135 sold,98% positive,(1279)
Men's Casual Running Sneakers Athletic Jogging Tennis Shoes Sports Walking Gym,US $14.99,5 available / 617 sold,98.2% positive,(1590)
PUMA Men's Viz Runner Sport SL Running Shoes,US $34.99,More than 10 available / 79 sold,98.4% positive,(339760)
adidas men Trae Young 1 Basketball Shoes,US $68.00,6 available / 745 sold,97.8% positive,(470709)
Mens Sneakers Casual 2024 (Green - Black -Khaki) Outside Walking Shoes 3 Colours,US $12.99,Last One / 4 sold,Contact seller,(0)
adidas men Samba ADV Shoes,US $100.00,More than 10 available / 450 sold,97.8% positive,(470709)
Lavante Trail 2 Men's Running Shoes,US $34.97,10 available / 522 sold,97% positive,(132726)
Speed 22 TR Training Shoes,US $44.97,10 available / 21 sold,97% positive,(132726)
Reebok Lite Plus 3 Men's Running Shoes,US $41.25,10 available / 591 sold,97% positive,(132726)
Women's Latin Dance Shoes Salsa Bachata Black Satin Rhinestone Very fine S1006CC,US $118.00/ea,4 available,100% positive,(4174)
adidas men Racer TR21 Shoes,US $53.00,"6 available / 4,044 sold",97.8% positive,(470709)
adidas men Runfalcon Shoes,US $50.00,Last One / 918 sold,97.8% positive,(470709)
adidas men Alphamagma Guard Shoes,US $58.00,More than 10 available / 416 sold,97.8% positive,(470709)
Reebok Jogger Lite Shoes,US $29.97,7 available / 312 sold,97% positive,(132726)
Classic Nylon Plus Men's Shoes,US $29.97,2 available / 296 sold,97% positive,(132726)
Vans New SlipOn Classic Sneakers Unisex Canvas Shoes All Colors Men's/Women's,US $29.99,7 available / 877 sold,99.9% positive,(10216)
adidas men Retrovulc Mid Shoes,US $42.00,More than 10 available / 84 sold,97.8% positive,(470709)
Energen Lux Men's Running Shoes,US $29.97,Limited quantity available / 548 sold,97% positive,(132726)
adidas men Ultraboost 5.0 DNA Shoes,US $92.00,"More than 10 available / 2,764 sold",97.8% positive,(470709)
adidas men Postmove Mid Shoes,US $54.00,More than 10 available / 906 sold,97.8% positive,(470709)
adidas men Crazy 1 Shoes,US $72.00,"Limited quantity available / 1,038 sold",97.8% positive,(470709)
adidas men Swift Run 22 Shoes,US $40.00,More than 10 available / 263 sold,97.8% positive,(470709)
Women's Dance Shoes Salsa Latin Bachata Flesh Satin Rhinestone Very fine S1004CC,US $118.00,Last One,100% positive,(4174)
Women's Dance Shoes Salsa Latin Bachata Black Satin Rhinestone Very fine S1005CC,US $118.00/ea,2 available,100% positive,(4174)
Women's Dance Shoes Salsa Latin Bachata Black Satin Rhinestone Very fine S1004CC,US $118.00/ea,2 available / 1 sold,100% positive,(4174)
Cat & Jack gray with heart print girls size 12 toddler shoes New With Tags,US $7.99/ea,More than 10 available / 13 sold,99.4% positive,(630)
Under Armour Adult UA Lockdown 6 Basketball Shoes - Red/Black - 3025616-600,US $59.95,5 available / 252 sold,99.3% positive,(88874)
Under Armour 3026175 Men's Training UA Charged Assert 10 Running Athletic Shoes,US $59.99,"3 available / 1,117 sold",99.6% positive,(34375)
Men's Athletic shoes Walking Shoes Running Shoes EVA Fashion Sneakers Size 7-15,US $18.65,Last One / 316 sold,99.4% positive,(24506)
adidas men NMD_R1 Shoes,US $60.00,"Limited quantity available / 13,310 sold",97.8% positive,(470709)
"Crocs Men's and Women's Shoes - Bayaband Chevron Clogs, Slip On Water Shoes",US $29.99,"Limited quantity available / 9,982 sold",98.5% positive,(174435)
adidas men Shmoofoil Shoes,US $39.00,More than 10 available / 319 sold,97.8% positive,(470709)
Women's Salsa Dance Shoes Latin Mambo Ballroom Silver Glitter Satin Very fine,US $118.00/ea,2 available / 1 sold,100% positive,(4174)
Women's Dance Shoes Salsa Latin Bachata Flesh Satin Rhinestone Very fine S1003CC,US $118.00/ea,2 available / 3 sold,100% positive,(4174)
"Crocs Men's and Women's Shoes - Baya Clogs, Slip On Shoes, Waterproof Sandals",US $34.99,"More than 10 available / 14,534 sold",98.5% positive,(174435)
adidas women Lite Racer 3.0 Shoes,US $36.00,6 available / 8 sold,97.8% positive,(470709)
adidas men Adistar CS Running Shoes,US $84.00,More than 10 available / 676 sold,97.8% positive,(470709)
PUMA Men's Axelion Refresh Running Shoes,US $49.99,"More than 10 available / 7,066 sold",98.4% positive,(339760)
AND1 M And1 Pulse Ii Basketball  Mens Black Sneakers Athletic Shoes AD90080M-BB,US $24.99,More than 10 available / 247 sold,98.8% positive,(377163)
adidas men Blondey Pro Model ADV Shoes,US $51.00,More than 10 available / 339 sold,97.8% positive,(470709)
adidas men TERREX Soulstride Flow Trail Running Shoes,US $55.00,2 available / 445 sold,97.8% positive,(470709)
Reebok Glide Shoes,US $29.97,3 available / 328 sold,97% positive,(132726)
"Avia Men's Talus Rugged Walking Shoes, Wide Width",US $27.98,2 available / 106 sold,96.6% positive,(367)
*NEW - CONVERSE CHUCK TAYLOR All Star High Top Unisex Canvas Sneaker Shoes ,US $59.99,"3 available / 1,393 sold",99.3% positive,(7610)
Water Shoes Quick Dry Barefoot for Swim Diving Surf Aqua Sport Beach Vacation,US $11.97/ea,"More than 10 available / 10,464 sold",98.7% positive,(14964)
Reebok Court Advance Shoes,US $42.00,5 available / 44 sold,97% positive,(132726)
adidas men Lite Racer 2.0 Shoes,US $36.00,"5 available / 2,003 sold",97.8% positive,(470709)
Men Water Shoes Barefoot Shoes Lightweight Swim Walking Sport Beach Shoes,US $13.99,Last One / 30 sold,98.4% positive,(2197)
adidas men Stan Smith PRIDE RM Shoes,US $44.00,5 available / 158 sold,97.8% positive,(470709)
Men's Predator 20.3 Shoes,US $34.99,7 available / 16 sold,99.5% positive,(4494)
Reebok Ultra Flash Shoes,US $29.97,10 available / 39 sold,97% positive,(132726)
Reebok Court Advance Shoes,US $29.97,10 available / 241 sold,97% positive,(132726)
adidas men NMD_V3 Shoes,US $68.00,"Limited quantity available / 4,565 sold",97.8% positive,(470709)
adidas men Adizero Boston 11 Running Shoes,US $84.00,More than 10 available / 551 sold,97.8% positive,(470709)
